hidden_size,num_layers,learning_rate,num_epochs,rmse,mae,r2,avg_epoch_time,epoch_losses
50,2,0.1,30,182.41925,127.71573,-0.0794668197631836,19.047558069229126,"[68194.24106647875, 35899.01501584782, 35910.43007023574, 35904.06470499497, 35906.45903075106]"
50,2,0.05,30,181.81642,127.515564,-0.06974947452545166,19.04281702041626,"[84008.25985384612, 35885.77872063916, 35891.89285358279, 35884.51095207914, 35885.86384296001]"
50,2,0.01,30,181.4131,128.04425,-0.0654449462890625,19.03893313407898,"[264722.4031202158, 35855.363680377275, 35851.9370066547, 35848.87720699394, 35850.498213322404]"
50,2,0.005,30,181.32439,128.4235,-0.06528550386428833,19.094927310943604,"[475983.4317440383, 36898.36380071515, 35845.35762976767, 35851.62904431206, 35848.06349028875, 35848.3347174632]"
50,2,0.001,30,21.080359,13.618332,0.9852433204650879,19.069798056284586,"[1139491.0502524562, 618830.6009441526, 297106.7362129844, 110645.89550088275, 40826.507315556555, 26010.21988208221, 20628.397864562456, 16593.333368293064, 12148.982846872255, 10179.488741862202, 9064.837569607398, 8407.963936235186, 8168.009374468607, 8737.217456401175, 8243.96158879709, 8591.54450527341, 7979.553535544716, 7455.179560782087, 5288.290235269538, 2628.256878061586, 2161.7323338600227, 1996.5513348829277, 1640.2649283398707, 1263.5532759703924, 1069.863717236373, 979.5016433703327, 856.1957304644272, 754.8883384054925, 682.8304928129937, 549.1320362450253]"
50,2,0.0005,30,18.867533,12.558653,0.987096905708313,19.031919956207275,"[1301044.6717129503, 972521.965696643, 710582.3803561681, 508295.6978882369, 348366.24584214657, 222383.74620249387, 129926.80795301413, 70243.12902885336, 41589.61374301161, 35920.62883322104, 32710.95185512226, 25063.240832699437, 20618.06737628254, 13695.466250490414, 7814.272358119748, 4523.645385960825, 2496.581905968845, 1448.434513789077, 971.3613808014508, 748.1023777437002, 609.250234139278, 509.2702024287532, 442.2838335497931, 386.4090563761615, 359.2440694810001, 312.44379279420883, 294.23892082840075, 286.45466125050484, 253.92773800489684, 226.33992978370867]"
50,2,0.0001,30,374.59137,289.8431,-2.7201027870178223,19.103778632481895,"[1450163.836432178, 1372001.6412561408, 1297010.9676753548, 1224778.0225419623, 1155334.4915137144, 1088677.9138919213, 1024743.2514328603, 963597.2657614629, 905235.3929704558, 849618.754750614, 796720.3697291212, 746552.2337950327, 699156.4994541485, 654434.2365626706, 612332.4121989288, 572567.1235841976, 534665.9552145879, 498203.9889166553, 463200.68802026473, 429565.8883477757, 397313.6985364356, 366437.73722366267, 336974.27255475573, 308869.97191423306, 282161.4134676071, 256853.3018303084, 232930.41348679722, 210380.10858394174, 189211.01041062534, 169435.6417124386]"
50,2,5e-05,30,744.4086,567.78656,-12.978853225708008,19.06300253868103,"[1471011.275655022, 1430778.5815706877, 1391805.89867631, 1353519.7929005185, 1315924.9600163756, 1279000.3517330787, 1242800.742306905, 1207308.7451043942, 1172484.196540666, 1138358.4874027702, 1104936.6532819322, 1072222.9219261736, 1040153.3155960017, 1008826.2540768286, 978193.6243688592, 948212.0901081469, 918945.6411196779, 890429.7118245087, 862534.6582372407, 835352.2192190911, 808897.6215457832, 783092.4964263783, 758012.9946438319, 733604.8328585562, 709870.4969125272, 686858.8782068777, 664517.3846291621, 642811.5924024291, 621827.1515079149, 601430.4042457014]"
50,3,0.1,30,180.6063,128.36777,-0.0541800856590271,21.103818893432617,"[67680.1947980989, 35901.359861149016, 35911.79957200762, 35906.728708925206, 35909.794738636265]"
50,3,0.05,30,180.30946,128.68008,-0.050524234771728516,21.007236194610595,"[84191.18235532269, 35890.56997160932, 35888.847525917285, 35889.52489901214, 35887.117415782144]"
50,3,0.01,30,180.49313,128.6627,-0.053333938121795654,21.053801822662354,"[264421.88363007794, 36157.03542371192, 35856.868605301366, 35852.71185482641, 35853.4373040345]"
50,3,0.005,30,180.40245,128.83067,-0.05239349603652954,21.06725247701009,"[475519.36449235806, 36896.11138089775, 35844.254400794685, 35844.84801166651, 35850.39830516832, 35855.99455107976]"
50,3,0.001,30,16.683578,10.710158,0.9901303052902222,21.160818163553873,"[1140335.3430591566, 619464.186335801, 297491.52572965, 110897.28446753889, 41663.96334718929, 35843.11588257369, 34808.111970593316, 25892.961392131954, 20191.803764076732, 14510.77095784683, 11260.334879279657, 9686.212802104033, 9156.39699850957, 8259.451016038787, 7729.597399711609, 7495.373140335083, 7366.0594830866985, 7619.628504157587, 6822.505213662526, 2544.821182359254, 2077.4853946345343, 2169.162795526492, 1670.3011314379596, 1238.03350168857, 1062.3697514284127, 837.7800266352283, 680.0615456859098, 658.9001698980685, 596.8037600610975, 410.58545720056674]"
50,3,0.0005,30,26.779861,16.410572,0.978366494178772,21.021261421839395,"[1301090.215338428, 972597.1168292849, 710696.6620368791, 508365.50067378546, 348391.38053954014, 222508.2271520623, 129985.900253096, 70248.28161301259, 41607.000800386784, 35924.448454078105, 33404.66334753578, 26293.892081581347, 23439.1155236923, 19235.41979687287, 14826.773520273933, 11217.29618820457, 8690.161897771744, 6823.421001825791, 5264.4811484907395, 4440.560701572218, 3893.2195819309186, 3040.3233912459627, 1796.3902638156342, 1233.2064906780377, 863.0275344036552, 629.8868587855168, 527.7882756666326, 439.3143473582497, 357.8526245615888, 313.3978413249728]"
50,3,0.0001,30,375.0667,290.1941,-2.728895902633667,20.97611021200816,"[1450684.3637247544, 1372613.1658535753, 1297637.7519445962, 1225374.230844023, 1155985.0231560452, 1089300.106952784, 1025434.7678595796, 964302.999257983, 905937.7101357806, 850306.0635149427, 797453.5323758188, 747355.2176668259, 699934.9964178493, 655227.795966669, 613115.9956843613, 573374.3321890353, 535419.4660505936, 498982.69753855077, 463906.22839621996, 430232.04991129914, 397961.1511710221, 367047.5628283638, 337559.4592466396, 309432.47258162184, 282711.1778751023, 257373.96412092316, 233404.23086960972, 210830.87169290736, 189639.21839818163, 169837.70098423853]"
50,3,5e-05,30,744.3067,567.6921,-12.974143028259277,20.98199555873871,"[1470411.4041518832, 1430309.9326896835, 1391334.2534456877, 1353070.1571540665, 1315488.8918702237, 1278554.7824952237, 1242391.7616505185, 1206882.8743176856, 1172083.3079029066, 1137992.5978012418, 1104545.904168941, 1071850.5843767058, 1039833.379750614, 1008510.3811578875, 977871.4378240993, 947936.6203858488, 918682.7021185863, 890140.5044947462, 862282.2228524154, 835107.0449389329, 808648.8274256277, 782868.9967675355, 757791.5056802675, 733398.0939120497, 709687.5023454558, 686668.6444886053, 664315.8175576556, 642672.5450540734, 621646.8951112173, 601270.3490251433]"
50,4,0.1,30,182.87189,127.996895,-0.08717375993728638,22.510630989074706,"[63334.293592028225, 35920.097991143775, 35912.483303153356, 35904.67296123921, 35909.073422627676]"
50,4,0.05,30,180.98657,129.41885,-0.0630447268486023,22.489666175842284,"[83323.44732692669, 35891.9754630676, 35884.678211595296, 35883.25210398045, 35882.93537309805]"
50,4,0.01,30,180.26587,129.14613,-0.05122208595275879,22.540002632141114,"[265293.70934538863, 35854.15133173914, 35851.85704367026, 35852.35697823737, 35852.363643463]"
50,4,0.005,30,181.5399,128.5046,-0.06883120536804199,22.502627690633137,"[476496.1394336151, 36891.73773899661, 35852.19346611989, 35847.60116164028, 35849.76378688229, 35843.97303798625]"
50,4,0.001,30,133.57718,91.00032,0.4645983576774597,22.547543573379517,"[1140659.9433252593, 619813.9580078125, 297817.1109080752, 111013.61881172813, 41722.84918186238, 33568.5901997662, 25524.642809538862, 21819.905278834714, 17961.952331826156, 14010.073892002023, 11254.02517092176, 10602.98481898745, 9322.890522369651, 9081.482470699793, 8792.30230369318, 9010.721958543536, 8980.336405308486, 8252.989568785288, 7776.383536268009, 7904.1521574128665, 7808.776854402634, 7866.023988582161, 8440.223861386161, 8120.120019154778, 7713.866362242719, 7765.533658610681, 8176.638942402003, 7187.71254657762, 7368.305953413118, 7758.331244456195]"
50,4,0.0005,30,180.87384,128.47078,-0.0585709810256958,22.55679095708407,"[1301151.4500375274, 972771.3772431086, 710888.6767492836, 508618.3583131482, 348595.7689875307, 222625.44718886464, 130104.99046892057, 70317.16373840066, 41628.0575961317, 35921.18672373409, 35847.46189433935, 35841.85331519514, 35843.94439464053]"
50,4,0.0001,30,374.81955,290.02057,-2.724421501159668,22.45681680838267,"[1450787.8835971616, 1372714.3216088973, 1297713.6863230076, 1225449.368901815, 1155974.0034542168, 1089247.2648744541, 1025338.6294094569, 964178.6217760644, 905757.5041109443, 850136.3049945415, 797219.4115294077, 747065.1345694596, 699626.9765198553, 654881.7746741949, 612765.0032324645, 572971.1797002933, 535025.8059284594, 498605.27178715204, 463557.45721888647, 429898.02255049127, 397613.9494405022, 366752.55992852757, 337244.36514055677, 309145.66319254914, 282421.2743692856, 257105.306337848, 233167.88578696438, 210598.06332517398, 189437.9460779715, 169638.36597959028]"
50,4,5e-05,30,743.68054,567.29926,-12.95213508605957,22.41803201039632,"[1468645.6103984716, 1428558.5258085425, 1389624.6385951147, 1351359.5584061136, 1313795.9403657205, 1276912.1792781113, 1240739.9493125682, 1205325.694451078, 1170527.7977108352, 1136453.8657887555, 1103047.2715440774, 1070389.7588274428, 1038376.5295015693, 1007077.8417115856, 976491.2473816185, 946571.112667167, 917369.9871639601, 888845.2996469022, 860984.0953619678, 833871.8902838428, 807420.2413687228, 781674.537723458, 756649.5232157478, 732278.4705154885, 708575.378539506, 685600.0038465474, 663284.889882983, 641645.0888586586, 620669.1472391853, 600319.4722596548]"
100,2,0.1,30,178.64445,131.69272,-0.03131920099258423,21.992025518417357,"[56535.22249513318, 35952.11397369252, 35935.375093618335, 35938.515299434745, 35943.408291745916]"
100,2,0.05,30,181.368,128.20657,-0.06530308723449707,21.959224653244018,"[62777.51002495778, 35919.46691481411, 35912.42769426238, 35923.017003888126, 35915.092510506576]"
100,2,0.01,30,179.54341,129.86665,-0.04200553894042969,21.997266721725463,"[153570.64659245254, 35862.11911730371, 35856.49845379825, 35858.39863479814, 35857.368992834636]"
100,2,0.005,30,181.51265,127.47061,-0.06506037712097168,22.003753232955933,"[265977.26255791675, 35851.77177036069, 35850.95395963577, 35854.05938160992, 35849.077959085655]"
100,2,0.001,30,24.31153,18.007822,0.9780532717704773,22.319238686561583,"[889878.5146910822, 226983.9667830155, 41052.66520657602, 21751.60960171629, 13010.29256490849, 4804.573253140179, 2309.2284442743357, 1879.7221832150456, 1514.8540023372684, 1239.5610245554728, 1123.656723926161, 1035.9677580683513, 624.8579501626793, 526.4112478114632, 510.0474980731198, 466.82425857579346, 475.1886838664134, 448.4693207235836, 435.592475433537, 446.02915776140304, 419.63401162520245, 443.3314640891604, 433.04988653066374, 441.22146316985373, 442.38295628878745, 447.0523571098736, 414.4674907454237, 422.67434174681335, 424.9725402468677, 487.5394345417814]"
100,2,0.0005,30,14.428996,10.812167,0.9932520985603333,21.954698991775512,"[1140698.1336909798, 623318.1916578534, 302346.8338671022, 114391.62117317566, 39664.006494513764, 19120.36965525931, 9361.749009253157, 3491.6694192886353, 1186.3842244044142, 665.4729968011379, 435.40222638975587, 302.50019763286457, 235.54645875877168, 190.41201217257822, 161.66200344179916, 152.0399441885636, 139.80542344544654, 125.59849091401267, 114.03577290950383, 109.03582126643981, 105.05791919083053, 100.15679912692075, 125.12222403144732, 116.39422464071403, 111.1839535193412, 104.38686939215036, 98.52043895078538, 91.92696131420968, 92.97918096418985, 96.06998052295118]"
100,2,0.0001,30,180.81375,128.63232,-0.0581660270690918,21.96579239001641,"[1408655.1762076966, 1260495.8925440093, 1123603.5331860671, 997442.0108146834, 882026.8689785753, 777309.916859989, 683041.2512963974, 598929.009582253, 523261.2979496452, 453664.12901286164, 389529.8856313114, 330743.3301463564, 277427.2364390011, 229476.28916484717, 186940.5609722554, 149782.32632752796, 117963.75774640079, 91497.57765590884, 70316.93096897175, 54423.73600935624, 43674.81042453816, 37860.39413998533, 36027.21554498797, 35846.37297144727, 35857.039027184896, 35842.394951433074]"
100,2,5e-05,30,380.528,294.25516,-2.8311192989349365,21.927954053878786,"[1448236.0425593613, 1370802.8259927675, 1296566.3648164575, 1225052.735722571, 1156235.2088393832, 1090131.6066798582, 1026786.3004827375, 966093.5299877183, 908146.8740277019, 852881.4624385918, 800339.6311408296, 750477.1694698418, 703296.7424604257, 658761.84582253, 616772.3904970661, 577148.3318862582, 539400.8023463087, 503137.9906053835, 468248.0678476392, 434729.7541749113, 402570.8781301174, 371767.07350658433, 342318.6820734682, 314245.892761497, 287533.0910463291, 262197.14421354735, 238185.22446864765, 215530.69908015488, 194266.51782546396, 174343.93402232873]"
100,3,0.1,30,177.77753,132.31906,-0.0184059739112854,22.93507833480835,"[56887.628012711306, 35927.00750879013, 35939.956337608106, 35940.60871800585, 35947.403184382674]"
100,3,0.05,30,179.20634,129.5068,-0.03582203388214111,22.902827405929564,"[66510.10387104152, 35911.79517107968, 35902.22764100987, 35913.38035283651, 35905.460319685626]"
100,3,0.01,30,180.74216,128.84518,-0.057719290256500244,23.010200881958006,"[153923.5329588511, 35858.61287399359, 35858.2796219072, 35857.62147435351, 35864.81479161691]"
100,3,0.005,30,181.38417,128.17656,-0.06544816493988037,22.792273855209352,"[265801.542835752, 35848.30483062611, 35851.02935164672, 35857.97110345166, 35849.87284311353]"
100,3,0.001,30,17.805304,13.576498,0.9877734184265137,22.85337657133738,"[889650.8369012692, 226880.09897610193, 43336.13945560372, 24711.30207798054, 8976.028617958835, 2037.0135753893956, 1172.5289847413526, 825.2386707681756, 653.6598168866603, 626.4688018024228, 500.2131757501952, 474.67006657061097, 432.9696704784335, 379.28609520665424, 389.705758859497, 358.43510761583735, 348.9839764583579, 334.55730646015775, 344.09704335652066, 338.14913387095567, 388.2370945006999, 302.48360527498755, 305.8509634691555, 295.0114836484584, 321.14615907106855, 282.41838761786704, 377.11686235379966, 331.6903453189473, 407.4633626547443, 311.566275562782]"
100,3,0.0005,30,10.677146,6.83801,0.9961681365966797,22.883704845110575,"[1140825.723517672, 623556.2029672147, 302359.2624842215, 114475.43330323332, 42535.414508003334, 31949.70133085959, 17100.040484116067, 7676.550024977938, 2448.570830318605, 850.0780130218731, 441.62793236658564, 278.4145523180868, 175.60677680542375, 129.4913330115866, 122.28002956483562, 90.57174673572378, 84.02234154705397, 88.676287053584, 80.50743314682396, 73.85633825611599, 109.38268199790774, 109.56213478399155, 90.08475804263848, 84.12075032951009, 87.61308249271593, 83.89192771020154, 78.14292782278301, 79.2233277131116, 100.68047030907792, 104.9539245252526]"
100,3,0.0001,30,180.81174,128.56825,-0.05793982744216919,22.733547274882977,"[1408173.196779476, 1260129.405644446, 1123179.2772584606, 996985.8030158296, 881506.7275433269, 776724.3211312772, 682488.2744268558, 598336.8593067685, 522682.6521731714, 453120.10690587474, 389009.5883554517, 330321.28462105966, 277023.05152539915, 229134.3546883529, 186621.37818875376, 149501.5115215185, 117739.69032627423, 91309.74628032035, 70176.22915955923, 54315.31106234222, 43616.99426322837, 37848.57272578743, 36021.10780674297, 35844.93033729786, 35844.83221941952, 35844.59202315818]"
100,3,5e-05,30,380.38873,294.1831,-2.8283753395080566,22.72911992867788,"[1447827.883307178, 1370450.4716413072, 1296254.233402702, 1224741.3842112445, 1155911.819579012, 1089853.967035685, 1026480.5933406113, 965818.3235790803, 907869.8864969978, 852621.3892262555, 800088.0491607533, 750217.8140949099, 703058.7568999045, 658499.9415128616, 616571.9283186067, 576942.572943675, 539179.5706877729, 502938.12297011464, 468071.2284900382, 434559.5218980281, 402393.88974225573, 371592.83666885574, 342175.2057391171, 314115.1712140079, 287392.4299028555, 262046.49111498703, 238032.22917022038, 215409.81548939002, 194138.74927077646, 174215.18671214007]"
100,4,0.1,30,180.92175,129.02448,-0.06095325946807861,24.219196176528932,"[56118.97341759028, 35944.06559786734, 35935.13506573673, 35938.99285448899, 35937.50715430647]"
100,4,0.05,30,180.78044,128.84554,-0.05832904577255249,24.133093643188477,"[65327.64145077368, 35909.79928775437, 35911.01682664629, 35925.47953110074, 35914.92754287387]"
100,4,0.01,30,180.51158,128.71056,-0.05376631021499634,24.18137760957082,"[154929.51689141287, 62255.14524274934, 35849.902771928944, 35856.6926266866, 35852.86985052517, 35858.298781282516]"
100,4,0.005,30,180.60942,128.82507,-0.05561321973800659,24.22395477294922,"[266160.6396088579, 35851.69964986076, 35853.55534902514, 35856.482363505136, 35857.82012526333]"
100,4,0.001,30,136.99078,90.11015,0.47710275650024414,24.248845664660134,"[890974.3986635166, 227545.55616993466, 43387.460887126006, 35152.88280636983, 31142.891582039247, 25696.182349692266, 14871.968493265877, 11063.137901905842, 9843.901488558175, 9712.4017816402, 8894.238068568135, 7497.666343576523, 6645.365079071845, 5694.854031044323, 10085.037679580622, 8341.750065632783, 8647.837306426602, 8267.863067310449, 8445.944214183692, 8274.651295641104, 8184.006954293063, 8272.39596540959, 9129.016114847109, 8485.27116082537, 8236.298579869832, 8135.6463372926, 8113.846667210608, 7878.495615588526, 7594.064627643235, 7773.442718572492]"
100,4,0.0005,30,180.61877,128.96869,-0.05618661642074585,24.194336122936672,"[1140351.214954626, 623118.6674698076, 302118.8307583072, 114386.64029290478, 42529.92723316709, 35845.596010433015, 35845.08155509582, 35848.43561137503, 35842.13289219219]"
100,4,0.0001,30,180.87283,128.58943,-0.058936238288879395,24.196379432311424,"[1408803.2083105894, 1260672.7872884825, 1123715.460076078, 997502.1294606305, 882044.4424723663, 777248.8058047899, 682931.5831741267, 598748.2525629435, 523064.4843579421, 453507.4472912118, 389344.30435487174, 330624.2267480042, 277299.5641993893, 229375.71937687637, 186834.8607385627, 149676.87911840715, 117892.2105771527, 91434.7904425875, 70296.48414045443, 54397.670083658144, 43649.7422085558, 37840.26123846462, 36020.987521242365, 35848.068015952296, 35843.58055268, 35843.64578353682]"
100,4,5e-05,30,380.51428,294.23953,-2.8307015895843506,24.19619189898173,"[1447911.3834948144, 1370601.222792713, 1296385.4976118996, 1224881.9952152702, 1156062.674049877, 1089987.2643456606, 1026613.4004844432, 965961.4595899291, 908026.7407546397, 852792.8352381277, 800263.4367409252, 750410.5067463837, 703233.7763885098, 658691.1099037937, 616739.5608155363, 577114.0797881414, 539372.5967010098, 503101.1439470183, 468201.98537288484, 434703.41510302946, 402546.5224182928, 371733.97363707697, 342285.60420007166, 314232.84017637826, 287510.7712626228, 262164.09242801584, 238174.85640906455, 215516.8149446046, 194240.4226873806, 174323.12595204182]"
